2026-05-21_16-07-02,0,draft.go:2026-05-21_16-07-02
2026-05-21_16-07-02,---,draft.go:2026-05-21_16-07-02
2026-05-21_16-59-05,0,draft.go:2026-05-21_16-59-05
2026-05-21_17-02-59,0,draft.go:2026-05-21_17-02-59
2026-05-21_17-04-57,0,draft.go:2026-05-21_17-04-57
2026-05-21_17-05-30,0,draft.go:2026-05-21_17-05-30
2026-05-21_17-05-31,0,draft.go:2026-05-21_17-05-30
2026-05-21_17-06-06,0,draft.go:2026-05-21_17-06-06
2026-05-21_17-06-40,50,draft.go:2026-05-21_17-06-40
2026-05-21_17-07-19,0,draft.go:2026-05-21_17-07-19
2026-05-21_17-07-56,0,draft.go:2026-05-21_17-07-56
2026-05-21_18-01-22,0,draft.go:2026-05-21_18-01-22
2026-05-21_18-01-51,0,draft.go:2026-05-21_18-01-51
2026-05-21_18-03-02,0,draft.go:2026-05-21_18-03-02
2026-05-21_18-05-38,0,draft.go:2026-05-21_18-05-38
2026-05-21_18-06-12,0,draft.go:2026-05-21_18-06-12
2026-05-21_18-09-44,0,draft.go:2026-05-21_18-09-44
2026-05-21_18-10-56,0,draft.go:2026-05-21_18-10-56
2026-05-21_18-11-24,0,draft.go:2026-05-21_18-11-24
2026-05-21_18-11-37,0,draft.go:2026-05-21_18-11-24
2026-05-21_18-12-10,0,draft.go:2026-05-21_18-12-10
2026-05-21_18-20-31,100,draft.go:2026-05-21_18-12-10
