2026-06-15_14-38-40,62,draft.go:2026-06-15_14-38-40
2026-06-15_14-41-56,62,draft.go:2026-06-15_14-41-56
2026-06-15_14-46-31,62,draft.go:2026-06-15_14-46-31
2026-06-15_14-47-11,62,draft.go:2026-06-15_14-47-11
2026-06-15_14-49-57,62,draft.go:2026-06-15_14-47-11
2026-06-15_14-51-26,62,draft.go:2026-06-15_14-47-11
2026-06-15_14-55-20,62,draft.go:2026-06-15_14-47-11
2026-06-15_14-57-45,62,draft.go:2026-06-15_14-47-11
2026-06-15_14-57-47,62,draft.go:2026-06-15_14-47-11
2026-06-15_14-58-28,0,draft.go:2026-06-15_14-58-28
2026-06-15_14-58-34,0,draft.go:2026-06-15_14-58-28
2026-06-15_14-59-01,62,draft.go:2026-06-15_14-59-01
2026-06-15_15-03-38,62,draft.go:2026-06-15_14-59-01
2026-06-15_15-47-05,29,draft.go:2026-06-15_15-47-05
2026-06-15_15-50-18,75,draft.go:2026-06-15_15-50-18
2026-06-15_15-51-14,29,draft.go:2026-06-15_15-51-14
2026-06-15_15-51-51,75,draft.go:2026-06-15_15-51-51
2026-06-15_15-52-54,75,draft.go:2026-06-15_15-52-54
2026-06-15_15-57-07,75,draft.go:2026-06-15_15-57-07
2026-06-15_15-59-19,29,draft.go:2026-06-15_15-59-19
2026-06-15_15-59-46,100,draft.go:2026-06-15_15-59-46
