2026-04-27_16-39-53,0,draft.go:2026-04-27_16-39-53
2026-04-27_16-40-18,0,draft.go:2026-04-27_16-40-18
2026-04-27_16-41-50,0,draft.go:2026-04-27_16-40-18
2026-04-27_16-42-15,0,draft.go:2026-04-27_16-40-18
2026-04-27_16-42-30,0,draft.go:2026-04-27_16-42-30
2026-04-27_16-43-07,33,draft.go:2026-04-27_16-43-07
2026-04-27_16-44-05,33,draft.go:2026-04-27_16-44-05
2026-04-27_16-45-45,0,draft.go:2026-04-27_16-45-45
2026-04-27_16-49-48,8,draft.go:2026-04-27_16-49-48
2026-04-27_16-50-23,33,draft.go:2026-04-27_16-50-23
2026-04-27_16-56-53,75,draft.go:2026-04-27_16-56-53
2026-04-27_16-57-15,100,draft.go:2026-04-27_16-57-15
2026-04-27_16-57-24,100,draft.go:2026-04-27_16-57-15
