2026-06-02_22-29-00,0,main.go:2026-06-02_22-29-00
2026-06-02_22-29-39,0,main.go:2026-06-02_22-29-39
2026-06-02_22-30-42,0,main.go:2026-06-02_22-29-39
2026-06-02_22-35-27,0,main.go:2026-06-02_22-35-27
2026-06-02_22-37-29,0,main.go:2026-06-02_22-37-29
2026-06-02_22-40-34,0,main.go:2026-06-02_22-37-29
2026-06-02_22-40-44,0,main.go:2026-06-02_22-40-44
2026-06-02_22-42-59,0,main.go:2026-06-02_22-42-59
2026-06-02_23-11-32,18,main.go:2026-06-02_23-11-32
2026-06-02_23-59-58,18,main.go:2026-06-02_23-59-58
2026-06-03_00-00-53,18,main.go:2026-06-02_23-59-58
2026-06-03_00-03-30,9,main.go:2026-06-03_00-03-30
2026-06-03_00-03-41,9,main.go:2026-06-03_00-03-30
2026-06-03_00-04-04,9,main.go:2026-06-03_00-03-30
2026-06-03_00-06-23,9,main.go:2026-06-03_00-06-23
2026-06-03_00-09-04,27,main.go:2026-06-03_00-09-04
2026-06-03_13-57-32,27,main.go:2026-06-03_00-09-04
2026-06-03_13-57-34,27,main.go:2026-06-03_00-09-04
2026-06-03_13-57-35,27,main.go:2026-06-03_00-09-04
2026-06-03_14-07-03,27,main.go:2026-06-03_14-07-03
2026-06-03_14-22-26,27,main.go:2026-06-03_14-22-26
2026-06-03_14-29-26,27,main.go:2026-06-03_14-29-26
2026-06-03_14-29-52,36,main.go:2026-06-03_14-29-52
