2026-06-01_16-39-03,14,shell.go:2026-06-01_16-39-03
2026-06-01_16-46-19,14,shell.go:2026-06-01_16-39-03
2026-06-01_16-49-27,28,shell.go:2026-06-01_16-49-27
2026-06-01_17-03-23,42,shell.go:2026-06-01_17-03-23
2026-06-01_17-18-02,57,shell.go:2026-06-01_17-18-02
2026-06-02_10-29-13,57,shell.go:2026-06-01_17-18-02
2026-06-02_10-45-26,57,shell.go:2026-06-02_10-45-26
2026-06-02_10-49-05,0,shell.go:2026-06-02_10-49-05
2026-06-02_10-50-13,57,shell.go:2026-06-02_10-49-05
2026-06-02_10-51-11,57,shell.go:2026-06-02_10-51-11
