2026-06-08_09-59-17,14,main.go:2026-06-08_09-59-17
2026-06-08_09-59-18,14,main.go:2026-06-08_09-59-17
2026-06-08_10-10-57,0,main.go:2026-06-08_10-10-57
2026-06-08_10-11-14,14,main.go:2026-06-08_10-11-14
2026-06-08_10-47-40,0,main.go:2026-06-08_10-47-40
2026-06-08_10-47-49,14,main.go:2026-06-08_10-47-40
2026-06-08_11-03-46,28,main.go:2026-06-08_11-03-46
2026-06-08_11-04-26,28,main.go:2026-06-08_11-03-46
2026-06-08_11-08-37,28,main.go:2026-06-08_11-03-46
2026-06-08_11-11-11,0,main.go:2026-06-08_11-11-11
2026-06-08_11-11-17,42,main.go:2026-06-08_11-11-11
2026-06-08_11-14-48,42,main.go:2026-06-08_11-14-48
2026-06-08_11-20-26,42,main.go:2026-06-08_11-20-26
2026-06-08_11-24-54,57,main.go:2026-06-08_11-24-54
2026-06-08_11-32-35,0,main.go:2026-06-08_11-32-35
2026-06-08_11-33-03,0,main.go:2026-06-08_11-32-35
2026-06-08_11-33-35,71,main.go:2026-06-08_11-32-35
2026-06-08_11-44-00,0,main.go:2026-06-08_11-44-00
2026-06-08_11-45-24,85,main.go:2026-06-08_11-44-00
